{"cameraMode":{"drawMode":0,"name":"Shaded","section":"Shading Mode"},"sceneLighting":false,"audioPlay":false,"sceneViewState":{"showFog":true,"showMaterialUpdate":false,"showSkybox":true,"showFlares":true,"showImageEffects":true,"showParticleSystems":true},"in2DMode":false,"pivot":{"x":-1.212146282196045,"y":2.5443248748779299,"z":-4.37843132019043},"rotation":{"x":-0.002976461546495557,"y":0.9893934726715088,"z":-0.14377854764461518,"w":-0.020482441410422326},"size":4.041658401489258,"orthographic":false}